{"cameraMode":{"drawMode":0,"name":"Shaded","section":"Shading Mode"},"sceneLighting":true,"audioPlay":false,"sceneViewState":{"m_AlwaysRefresh":false,"showFog":true,"showSkybox":true,"showFlares":true,"showImageEffects":true,"showParticleSystems":true,"showVisualEffectGraphs":true,"m_FxEnabled":true},"in2DMode":false,"pivot":{"x":5.765168190002441,"y":-0.45925992727279665,"z":0.9957311749458313},"rotation":{"x":-0.058225713670253757,"y":0.6868476867675781,"z":-0.05531938001513481,"w":-0.7223678827285767},"size":3.555828332901001,"orthographic":false}